{
  "episode": [
    1,
    2,
    3,
    4,
    5,
    6,
    7,
    8,
    9,
    10,
    11,
    12,
    13,
    14,
    15,
    16,
    17,
    18,
    19,
    20,
    21,
    22,
    23,
    24,
    25,
    26,
    27,
    28,
    29,
    30,
    31,
    32,
    33,
    34,
    35,
    36,
    37,
    38,
    39,
    40,
    41,
    42,
    43,
    44,
    45,
    46,
    47,
    48,
    49,
    50,
    51,
    52,
    53,
    54,
    55,
    56,
    57,
    58,
    59,
    60,
    61,
    62,
    63,
    64,
    65,
    66,
    67,
    68,
    69,
    70,
    71,
    72,
    73,
    74,
    75,
    76,
    77,
    78,
    79,
    80,
    81,
    82,
    83,
    84,
    85,
    86,
    87,
    88,
    89,
    90,
    91,
    92,
    93,
    94,
    95,
    96,
    97,
    98,
    99,
    100
  ],
  "reward": [
    -32.024841988321185,
    -18.38175700885495,
    -16.069121426895528,
    -18.47228459664084,
    -27.078906553408196,
    -31.733502725909865,
    -10.153305182112051,
    1.8877931753594772,
    -5.170727146759376,
    -29.358931544591407,
    -43.69411589981261,
    -19.84863846513467,
    -0.6003454900543947,
    -4.6199051952994745,
    -35.642629623602055,
    -21.343178369948898,
    -15.914798503956467,
    -19.30141498728943,
    -20.83405595501223,
    -18.84233741934555,
    -8.758644798797505,
    -4.2239668452435986,
    -7.2871243696521315,
    -32.19237789185162,
    -16.358135381899277,
    -5.418077205679131,
    -8.000954361299838,
    -16.521811172238486,
    -29.73708563638687,
    -28.34034811137287,
    -17.55276888245736,
    1.5883053033668852,
    -34.684739241462154,
    -0.9832064171130455,
    -18.425782326477485,
    -12.413547824789116,
    -21.678041425379853,
    -2.9381971647364624,
    -4.574211676989679,
    -30.542976500214994,
    -2.779302224740295,
    -13.164331728540622,
    1.4280866277177515,
    -14.637465100559718,
    -11.631122797183457,
    -12.050715007169375,
    -24.64357222240231,
    -8.610106200175055,
    -8.64121537086071,
    -16.802468763563066,
    -13.905235732428432,
    -33.16672517365923,
    1.3884421926036559,
    -11.64167361688626,
    -33.44150014606976,
    -14.04869455901439,
    -14.847178160440992,
    -10.516031150576222,
    -1.100469121135459,
    -17.73895669191715,
    -17.29498377939901,
    -20.83159312423752,
    -13.174543466219752,
    -8.563911156296314,
    -31.965982671209478,
    -18.095381646751996,
    -19.290888297055744,
    -10.902266200603755,
    -32.587806658474555,
    2.0,
    -17.534141085338128,
    -10.661373873342026,
    -31.385488101139103,
    1.8946984300356737,
    -7.771848157885683,
    -26.281283798392998,
    -30.802803743774312,
    -17.56631639886608,
    -33.36307428674076,
    -32.28230961478483,
    -16.452437628560922,
    -14.811327513786084,
    -16.955179539438042,
    -20.982471078253095,
    -1.9094413141388853,
    -24.82391011203872,
    -8.267965672671355,
    -24.796413157537472,
    -22.92485739924742,
    -29.60762279546011,
    -10.208618319093876,
    -14.784197610055854,
    1.8832041689431396,
    -12.637400909256456,
    -30.134897373795496,
    -11.284100772564404,
    -32.94316686460121,
    0.6741648770605946,
    -27.73761185215597,
    -22.717209012099985
  ],
  "steps": [
    50,
    50,
    50,
    50,
    50,
    50,
    50,
    2,
    27,
    50,
    50,
    50,
    15,
    30,
    50,
    50,
    50,
    50,
    50,
    50,
    36,
    26,
    50,
    50,
    50,
    28,
    32,
    50,
    50,
    50,
    50,
    4,
    50,
    13,
    50,
    50,
    50,
    17,
    20,
    50,
    17,
    50,
    5,
    50,
    50,
    50,
    50,
    50,
    50,
    50,
    50,
    50,
    5,
    50,
    50,
    50,
    50,
    50,
    14,
    50,
    50,
    50,
    50,
    50,
    50,
    50,
    50,
    50,
    50,
    1,
    50,
    50,
    50,
    2,
    50,
    50,
    50,
    50,
    50,
    50,
    50,
    50,
    50,
    50,
    17,
    50,
    50,
    50,
    50,
    50,
    50,
    50,
    2,
    50,
    50,
    50,
    50,
    8,
    50,
    50
  ],
  "success": [
    false,
    false,
    false,
    false,
    false,
    false,
    false,
    true,
    true,
    false,
    false,
    false,
    true,
    true,
    false,
    false,
    false,
    false,
    false,
    false,
    true,
    true,
    false,
    false,
    false,
    true,
    true,
    false,
    false,
    false,
    false,
    true,
    false,
    true,
    false,
    false,
    false,
    true,
    true,
    false,
    true,
    false,
    true,
    false,
    false,
    false,
    false,
    false,
    false,
    false,
    false,
    false,
    true,
    false,
    false,
    false,
    false,
    false,
    true,
    false,
    false,
    false,
    false,
    false,
    false,
    false,
    false,
    false,
    false,
    true,
    false,
    false,
    false,
    true,
    false,
    false,
    false,
    false,
    false,
    false,
    false,
    false,
    false,
    false,
    true,
    false,
    false,
    false,
    false,
    false,
    false,
    false,
    true,
    false,
    false,
    false,
    false,
    true,
    false,
    false
  ],
  "time": [
    0.026147127151489258,
    0.5871903896331787,
    1.1229283809661865,
    2.805859088897705,
    4.303224086761475,
    5.329165935516357,
    6.146069288253784,
    6.172195672988892,
    6.612247943878174,
    7.361768960952759,
    8.494291067123413,
    9.196844100952148,
    9.429820537567139,
    10.21671748161316,
    10.426679134368896,
    11.349944353103638,
    12.152642250061035,
    12.67720365524292,
    13.330505132675171,
    13.878764629364014,
    14.572561025619507,
    14.91772985458374,
    15.442378997802734,
    16.08428192138672,
    16.91516900062561,
    17.126472234725952,
    17.374077320098877,
    18.130130767822266,
    18.874853372573853,
    19.424766540527344,
    19.88832688331604,
    19.925358533859253,
    20.497308492660522,
    20.640774726867676,
    21.410813808441162,
    21.78363561630249,
    22.278852701187134,
    22.511651754379272,
    22.73935055732727,
    23.633914470672607,
    23.812187910079956,
    24.166985273361206,
    24.210789442062378,
    24.96167016029358,
    26.07914900779724,
    27.892342805862427,
    29.124865531921387,
    30.08191680908203,
    30.873217582702637,
    31.49582004547119,
    32.270023345947266,
    32.97227621078491,
    33.1190071105957,
    33.79815697669983,
    34.45924401283264,
    35.15623712539673,
    36.12268400192261,
    36.60175824165344,
    36.79198122024536,
    37.56875801086426,
    38.468186140060425,
    38.96153736114502,
    39.758238077163696,
    40.58495330810547,
    41.46463871002197,
    42.04046368598938,
    43.122793674468994,
    43.67598605155945,
    44.34764623641968,
    44.35951280593872,
    45.24391055107117,
    46.049877643585205,
    46.61482000350952,
    46.63667392730713,
    47.29650139808655,
    48.192187786102295,
    48.65042996406555,
    49.2456259727478,
    49.8957622051239,
    51.154600620269775,
    52.00200653076172,
    53.04046392440796,
    53.64613151550293,
    54.2746262550354,
    54.47529911994934,
    55.44940519332886,
    55.8694531917572,
    56.722638845443726,
    57.53252387046814,
    58.04927897453308,
    58.49204444885254,
    59.13066339492798,
    59.16662383079529,
    60.079373836517334,
    60.63895273208618,
    62.71674633026123,
    63.46587586402893,
    63.557822942733765,
    64.33020615577698,
    65.11665987968445
  ],